timestamp,algoritmo,tamaño_clave,curva,longitud_cadena,iteracion,tiempo_handshake_s,tiempo_handshake_ms,tamaño_certificados_bytes,exitoso,label
2026-05-17T13:31:28.186338,RSA,2048,,0,1,0.004864,4.864,1257,True,RSA-2048
2026-05-17T13:31:28.186492,RSA,2048,,0,2,0.00129,1.29,1257,True,RSA-2048
2026-05-17T13:31:28.186552,RSA,2048,,0,3,0.001283,1.283,1257,True,RSA-2048
2026-05-17T13:31:28.186613,RSA,2048,,0,4,0.001285,1.285,1257,True,RSA-2048
2026-05-17T13:31:28.186668,RSA,2048,,0,5,0.001253,1.253,1257,True,RSA-2048
2026-05-17T13:31:28.186719,RSA,2048,,0,6,0.001118,1.118,1257,True,RSA-2048
2026-05-17T13:31:28.186772,RSA,2048,,0,7,0.001231,1.231,1257,True,RSA-2048
2026-05-17T13:31:28.186821,RSA,2048,,0,8,0.001147,1.147,1257,True,RSA-2048
2026-05-17T13:31:28.186873,RSA,2048,,0,9,0.001153,1.153,1257,True,RSA-2048
2026-05-17T13:31:28.186916,RSA,2048,,0,10,0.001059,1.059,1257,True,RSA-2048
2026-05-17T13:31:28.186967,RSA,2048,,0,11,0.001108,1.108,1257,True,RSA-2048
2026-05-17T13:31:28.187011,RSA,2048,,0,12,0.001129,1.129,1257,True,RSA-2048
2026-05-17T13:31:28.187063,RSA,2048,,0,13,0.001081,1.081,1257,True,RSA-2048
2026-05-17T13:31:28.187108,RSA,2048,,0,14,0.001057,1.057,1257,True,RSA-2048
2026-05-17T13:31:28.187150,RSA,2048,,0,15,0.001044,1.044,1257,True,RSA-2048
2026-05-17T13:31:28.187196,RSA,2048,,0,16,0.001114,1.114,1257,True,RSA-2048
2026-05-17T13:31:28.187240,RSA,2048,,0,17,0.001069,1.069,1257,True,RSA-2048
2026-05-17T13:31:28.187283,RSA,2048,,0,18,0.00111,1.11,1257,True,RSA-2048
2026-05-17T13:31:28.187326,RSA,2048,,0,19,0.001085,1.085,1257,True,RSA-2048
2026-05-17T13:31:28.187364,RSA,2048,,0,20,0.001023,1.023,1257,True,RSA-2048
2026-05-17T13:31:28.187405,RSA,2048,,0,21,0.001027,1.027,1257,True,RSA-2048
2026-05-17T13:31:28.187449,RSA,2048,,0,22,0.001066,1.066,1257,True,RSA-2048
2026-05-17T13:31:28.187484,RSA,2048,,0,23,0.00108,1.08,1257,True,RSA-2048
2026-05-17T13:31:28.187517,RSA,2048,,0,24,0.001011,1.011,1257,True,RSA-2048
2026-05-17T13:31:28.187553,RSA,2048,,0,25,0.001003,1.003,1257,True,RSA-2048
2026-05-17T13:31:28.187586,RSA,2048,,0,26,0.000999,0.999,1257,True,RSA-2048
2026-05-17T13:31:28.187620,RSA,2048,,0,27,0.001119,1.119,1257,True,RSA-2048
2026-05-17T13:31:28.187655,RSA,2048,,0,28,0.001249,1.249,1257,True,RSA-2048
2026-05-17T13:31:28.187690,RSA,2048,,0,29,0.001265,1.265,1257,True,RSA-2048
2026-05-17T13:31:28.187723,RSA,2048,,0,30,0.001274,1.274,1257,True,RSA-2048
2026-05-17T13:31:28.576375,RSA,2048,,1,1,0.002197,2.197,2530,True,RSA-2048
2026-05-17T13:31:28.576574,RSA,2048,,1,2,0.001757,1.757,2530,True,RSA-2048
2026-05-17T13:31:28.576863,RSA,2048,,1,3,0.001552,1.552,2530,True,RSA-2048
2026-05-17T13:31:28.576949,RSA,2048,,1,4,0.001493,1.493,2530,True,RSA-2048
2026-05-17T13:31:28.577017,RSA,2048,,1,5,0.001419,1.419,2530,True,RSA-2048
2026-05-17T13:31:28.577077,RSA,2048,,1,6,0.001421,1.421,2530,True,RSA-2048
2026-05-17T13:31:28.577135,RSA,2048,,1,7,0.001437,1.437,2530,True,RSA-2048
2026-05-17T13:31:28.577190,RSA,2048,,1,8,0.001368,1.368,2530,True,RSA-2048
2026-05-17T13:31:28.577247,RSA,2048,,1,9,0.00136,1.36,2530,True,RSA-2048
2026-05-17T13:31:28.577296,RSA,2048,,1,10,0.001359,1.359,2530,True,RSA-2048
2026-05-17T13:31:28.577350,RSA,2048,,1,11,0.001362,1.362,2530,True,RSA-2048
2026-05-17T13:31:28.577401,RSA,2048,,1,12,0.00129,1.29,2530,True,RSA-2048
2026-05-17T13:31:28.577449,RSA,2048,,1,13,0.001307,1.307,2530,True,RSA-2048
2026-05-17T13:31:28.577497,RSA,2048,,1,14,0.001339,1.339,2530,True,RSA-2048
2026-05-17T13:31:28.577549,RSA,2048,,1,15,0.001296,1.296,2530,True,RSA-2048
2026-05-17T13:31:28.577596,RSA,2048,,1,16,0.001247,1.247,2530,True,RSA-2048
2026-05-17T13:31:28.577648,RSA,2048,,1,17,0.001232,1.232,2530,True,RSA-2048
2026-05-17T13:31:28.577695,RSA,2048,,1,18,0.00123,1.23,2530,True,RSA-2048
2026-05-17T13:31:28.577742,RSA,2048,,1,19,0.001551,1.551,2530,True,RSA-2048
2026-05-17T13:31:28.577790,RSA,2048,,1,20,0.001391,1.391,2530,True,RSA-2048
2026-05-17T13:31:28.577837,RSA,2048,,1,21,0.00127,1.27,2530,True,RSA-2048
2026-05-17T13:31:28.577883,RSA,2048,,1,22,0.00127,1.27,2530,True,RSA-2048
2026-05-17T13:31:28.577984,RSA,2048,,1,23,0.001263,1.263,2530,True,RSA-2048
2026-05-17T13:31:28.578033,RSA,2048,,1,24,0.001258,1.258,2530,True,RSA-2048
2026-05-17T13:31:28.578081,RSA,2048,,1,25,0.001249,1.249,2530,True,RSA-2048
2026-05-17T13:31:28.578119,RSA,2048,,1,26,0.00127,1.27,2530,True,RSA-2048
2026-05-17T13:31:28.578163,RSA,2048,,1,27,0.001205,1.205,2530,True,RSA-2048
2026-05-17T13:31:28.578206,RSA,2048,,1,28,0.001306,1.306,2530,True,RSA-2048
2026-05-17T13:31:28.578246,RSA,2048,,1,29,0.001268,1.268,2530,True,RSA-2048
2026-05-17T13:31:28.578295,RSA,2048,,1,30,0.001353,1.353,2530,True,RSA-2048
2026-05-17T13:31:29.104961,RSA,2048,,2,1,0.002332,2.332,3803,True,RSA-2048
2026-05-17T13:31:29.105111,RSA,2048,,2,2,0.001703,1.703,3803,True,RSA-2048
2026-05-17T13:31:29.105175,RSA,2048,,2,3,0.001665,1.665,3803,True,RSA-2048
2026-05-17T13:31:29.105224,RSA,2048,,2,4,0.00164,1.64,3803,True,RSA-2048
2026-05-17T13:31:29.105265,RSA,2048,,2,5,0.001611,1.611,3803,True,RSA-2048
2026-05-17T13:31:29.105305,RSA,2048,,2,6,0.001497,1.497,3803,True,RSA-2048
2026-05-17T13:31:29.105343,RSA,2048,,2,7,0.001493,1.493,3803,True,RSA-2048
2026-05-17T13:31:29.105381,RSA,2048,,2,8,0.001474,1.474,3803,True,RSA-2048
2026-05-17T13:31:29.105417,RSA,2048,,2,9,0.001469,1.469,3803,True,RSA-2048
2026-05-17T13:31:29.105453,RSA,2048,,2,10,0.001452,1.452,3803,True,RSA-2048
2026-05-17T13:31:29.105488,RSA,2048,,2,11,0.001383,1.383,3803,True,RSA-2048
2026-05-17T13:31:29.105523,RSA,2048,,2,12,0.00152,1.52,3803,True,RSA-2048
2026-05-17T13:31:29.105558,RSA,2048,,2,13,0.001451,1.451,3803,True,RSA-2048
2026-05-17T13:31:29.105592,RSA,2048,,2,14,0.001396,1.396,3803,True,RSA-2048
2026-05-17T13:31:29.105626,RSA,2048,,2,15,0.001379,1.379,3803,True,RSA-2048
2026-05-17T13:31:29.105660,RSA,2048,,2,16,0.001342,1.342,3803,True,RSA-2048
2026-05-17T13:31:29.105694,RSA,2048,,2,17,0.001339,1.339,3803,True,RSA-2048
2026-05-17T13:31:29.105727,RSA,2048,,2,18,0.001343,1.343,3803,True,RSA-2048
2026-05-17T13:31:29.105761,RSA,2048,,2,19,0.001432,1.432,3803,True,RSA-2048
2026-05-17T13:31:29.105795,RSA,2048,,2,20,0.001319,1.319,3803,True,RSA-2048
2026-05-17T13:31:29.105829,RSA,2048,,2,21,0.001379,1.379,3803,True,RSA-2048
2026-05-17T13:31:29.105862,RSA,2048,,2,22,0.001355,1.355,3803,True,RSA-2048
2026-05-17T13:31:29.105896,RSA,2048,,2,23,0.001336,1.336,3803,True,RSA-2048
2026-05-17T13:31:29.105929,RSA,2048,,2,24,0.001323,1.323,3803,True,RSA-2048
2026-05-17T13:31:29.105968,RSA,2048,,2,25,0.001366,1.366,3803,True,RSA-2048
2026-05-17T13:31:29.106002,RSA,2048,,2,26,0.001343,1.343,3803,True,RSA-2048
2026-05-17T13:31:29.106036,RSA,2048,,2,27,0.001317,1.317,3803,True,RSA-2048
2026-05-17T13:31:29.106071,RSA,2048,,2,28,0.00134,1.34,3803,True,RSA-2048
2026-05-17T13:31:29.106105,RSA,2048,,2,29,0.001275,1.275,3803,True,RSA-2048
2026-05-17T13:31:29.106139,RSA,2048,,2,30,0.001252,1.252,3803,True,RSA-2048
2026-05-17T13:31:29.786839,RSA,2048,,3,1,0.002451,2.451,5076,True,RSA-2048
2026-05-17T13:31:29.787027,RSA,2048,,3,2,0.001821,1.821,5076,True,RSA-2048
2026-05-17T13:31:29.787307,RSA,2048,,3,3,0.002251,2.251,5076,True,RSA-2048
2026-05-17T13:31:29.787383,RSA,2048,,3,4,0.001777,1.777,5076,True,RSA-2048
2026-05-17T13:31:29.787453,RSA,2048,,3,5,0.001697,1.697,5076,True,RSA-2048
2026-05-17T13:31:29.787499,RSA,2048,,3,6,0.001737,1.737,5076,True,RSA-2048
2026-05-17T13:31:29.787551,RSA,2048,,3,7,0.001634,1.634,5076,True,RSA-2048
2026-05-17T13:31:29.787600,RSA,2048,,3,8,0.001536,1.536,5076,True,RSA-2048
2026-05-17T13:31:29.787650,RSA,2048,,3,9,0.00153,1.53,5076,True,RSA-2048
2026-05-17T13:31:29.787697,RSA,2048,,3,10,0.001554,1.554,5076,True,RSA-2048
2026-05-17T13:31:29.787745,RSA,2048,,3,11,0.001498,1.498,5076,True,RSA-2048
2026-05-17T13:31:29.787793,RSA,2048,,3,12,0.001551,1.551,5076,True,RSA-2048
2026-05-17T13:31:29.787840,RSA,2048,,3,13,0.001578,1.578,5076,True,RSA-2048
2026-05-17T13:31:29.787905,RSA,2048,,3,14,0.00148,1.48,5076,True,RSA-2048
2026-05-17T13:31:29.787945,RSA,2048,,3,15,0.001628,1.628,5076,True,RSA-2048
2026-05-17T13:31:29.787993,RSA,2048,,3,16,0.001481,1.481,5076,True,RSA-2048
2026-05-17T13:31:29.788084,RSA,2048,,3,17,0.001511,1.511,5076,True,RSA-2048
2026-05-17T13:31:29.788135,RSA,2048,,3,18,0.001429,1.429,5076,True,RSA-2048
2026-05-17T13:31:29.788210,RSA,2048,,3,19,0.001637,1.637,5076,True,RSA-2048
2026-05-17T13:31:29.788263,RSA,2048,,3,20,0.001484,1.484,5076,True,RSA-2048
2026-05-17T13:31:29.788312,RSA,2048,,3,21,0.001536,1.536,5076,True,RSA-2048
2026-05-17T13:31:29.788387,RSA,2048,,3,22,0.00146,1.46,5076,True,RSA-2048
2026-05-17T13:31:29.788429,RSA,2048,,3,23,0.001603,1.603,5076,True,RSA-2048
2026-05-17T13:31:29.788502,RSA,2048,,3,24,0.001511,1.511,5076,True,RSA-2048
2026-05-17T13:31:29.788555,RSA,2048,,3,25,0.00149,1.49,5076,True,RSA-2048
2026-05-17T13:31:29.788608,RSA,2048,,3,26,0.001406,1.406,5076,True,RSA-2048
2026-05-17T13:31:29.788652,RSA,2048,,3,27,0.001374,1.374,5076,True,RSA-2048
2026-05-17T13:31:29.788729,RSA,2048,,3,28,0.001557,1.557,5076,True,RSA-2048
2026-05-17T13:31:29.788806,RSA,2048,,3,29,0.001468,1.468,5076,True,RSA-2048
2026-05-17T13:31:29.788854,RSA,2048,,3,30,0.001478,1.478,5076,True,RSA-2048
2026-05-17T13:31:30.352927,RSA,3072,,0,1,0.003599,3.599,1602,True,RSA-3072
2026-05-17T13:31:30.353104,RSA,3072,,0,2,0.002701,2.701,1602,True,RSA-3072
2026-05-17T13:31:30.353181,RSA,3072,,0,3,0.002481,2.481,1602,True,RSA-3072
2026-05-17T13:31:30.353239,RSA,3072,,0,4,0.002479,2.479,1602,True,RSA-3072
2026-05-17T13:31:30.353291,RSA,3072,,0,5,0.002333,2.333,1602,True,RSA-3072
2026-05-17T13:31:30.353346,RSA,3072,,0,6,0.002301,2.301,1602,True,RSA-3072
2026-05-17T13:31:30.353396,RSA,3072,,0,7,0.002278,2.278,1602,True,RSA-3072
2026-05-17T13:31:30.353439,RSA,3072,,0,8,0.002282,2.282,1602,True,RSA-3072
2026-05-17T13:31:30.353517,RSA,3072,,0,9,0.002279,2.279,1602,True,RSA-3072
2026-05-17T13:31:30.353590,RSA,3072,,0,10,0.002244,2.244,1602,True,RSA-3072
2026-05-17T13:31:30.353657,RSA,3072,,0,11,0.002191,2.191,1602,True,RSA-3072
2026-05-17T13:31:30.353705,RSA,3072,,0,12,0.002115,2.115,1602,True,RSA-3072
2026-05-17T13:31:30.353750,RSA,3072,,0,13,0.002209,2.209,1602,True,RSA-3072
2026-05-17T13:31:30.353790,RSA,3072,,0,14,0.002137,2.137,1602,True,RSA-3072
2026-05-17T13:31:30.353829,RSA,3072,,0,15,0.002121,2.121,1602,True,RSA-3072
2026-05-17T13:31:30.353867,RSA,3072,,0,16,0.002107,2.107,1602,True,RSA-3072
2026-05-17T13:31:30.353903,RSA,3072,,0,17,0.002063,2.063,1602,True,RSA-3072
2026-05-17T13:31:30.353940,RSA,3072,,0,18,0.00212,2.12,1602,True,RSA-3072
2026-05-17T13:31:30.353976,RSA,3072,,0,19,0.002271,2.271,1602,True,RSA-3072
2026-05-17T13:31:30.354012,RSA,3072,,0,20,0.002094,2.094,1602,True,RSA-3072
2026-05-17T13:31:30.354048,RSA,3072,,0,21,0.002037,2.037,1602,True,RSA-3072
2026-05-17T13:31:30.354084,RSA,3072,,0,22,0.002038,2.038,1602,True,RSA-3072
2026-05-17T13:31:30.354120,RSA,3072,,0,23,0.002061,2.061,1602,True,RSA-3072
2026-05-17T13:31:30.354155,RSA,3072,,0,24,0.002034,2.034,1602,True,RSA-3072
2026-05-17T13:31:30.354191,RSA,3072,,0,25,0.002124,2.124,1602,True,RSA-3072
2026-05-17T13:31:30.354226,RSA,3072,,0,26,0.002164,2.164,1602,True,RSA-3072
2026-05-17T13:31:30.354261,RSA,3072,,0,27,0.002131,2.131,1602,True,RSA-3072
2026-05-17T13:31:30.354296,RSA,3072,,0,28,0.002116,2.116,1602,True,RSA-3072
2026-05-17T13:31:30.354331,RSA,3072,,0,29,0.002106,2.106,1602,True,RSA-3072
2026-05-17T13:31:30.354366,RSA,3072,,0,30,0.002139,2.139,1602,True,RSA-3072
2026-05-17T13:31:31.105321,RSA,3072,,1,1,0.022473,22.473,3220,True,RSA-3072
2026-05-17T13:31:31.105704,RSA,3072,,1,2,0.002849,2.849,3220,True,RSA-3072
2026-05-17T13:31:31.105832,RSA,3072,,1,3,0.005783,5.783,3220,True,RSA-3072
2026-05-17T13:31:31.105895,RSA,3072,,1,4,0.005934,5.934,3220,True,RSA-3072
2026-05-17T13:31:31.105962,RSA,3072,,1,5,0.002581,2.581,3220,True,RSA-3072
2026-05-17T13:31:31.106011,RSA,3072,,1,6,0.003719,3.719,3220,True,RSA-3072
2026-05-17T13:31:31.106074,RSA,3072,,1,7,0.002893,2.893,3220,True,RSA-3072
2026-05-17T13:31:31.106120,RSA,3072,,1,8,0.006294,6.294,3220,True,RSA-3072
2026-05-17T13:31:31.106224,RSA,3072,,1,9,0.005198,5.198,3220,True,RSA-3072
2026-05-17T13:31:31.106403,RSA,3072,,1,10,0.002691,2.691,3220,True,RSA-3072
2026-05-17T13:31:31.106575,RSA,3072,,1,11,0.002799,2.799,3220,True,RSA-3072
2026-05-17T13:31:31.106720,RSA,3072,,1,12,0.002426,2.426,3220,True,RSA-3072
2026-05-17T13:31:31.106798,RSA,3072,,1,13,0.003837,3.837,3220,True,RSA-3072
2026-05-17T13:31:31.106900,RSA,3072,,1,14,0.002412,2.412,3220,True,RSA-3072
2026-05-17T13:31:31.107027,RSA,3072,,1,15,0.006289,6.289,3220,True,RSA-3072
2026-05-17T13:31:31.107103,RSA,3072,,1,16,0.002636,2.636,3220,True,RSA-3072
2026-05-17T13:31:31.107173,RSA,3072,,1,17,0.003696,3.696,3220,True,RSA-3072
2026-05-17T13:31:31.107221,RSA,3072,,1,18,0.012268,12.268,3220,True,RSA-3072
2026-05-17T13:31:31.107264,RSA,3072,,1,19,0.002818,2.818,3220,True,RSA-3072
2026-05-17T13:31:31.107329,RSA,3072,,1,20,0.006221,6.221,3220,True,RSA-3072
2026-05-17T13:31:31.107402,RSA,3072,,1,21,0.002637,2.637,3220,True,RSA-3072
2026-05-17T13:31:31.107537,RSA,3072,,1,22,0.00356,3.56,3220,True,RSA-3072
2026-05-17T13:31:31.107620,RSA,3072,,1,23,0.004247,4.247,3220,True,RSA-3072
2026-05-17T13:31:31.107692,RSA,3072,,1,24,0.005067,5.067,3220,True,RSA-3072
2026-05-17T13:31:31.107743,RSA,3072,,1,25,0.005047,5.047,3220,True,RSA-3072
2026-05-17T13:31:31.107809,RSA,3072,,1,26,0.002624,2.624,3220,True,RSA-3072
2026-05-17T13:31:31.107864,RSA,3072,,1,27,0.00365,3.65,3220,True,RSA-3072
2026-05-17T13:31:31.107952,RSA,3072,,1,28,0.003741,3.741,3220,True,RSA-3072
2026-05-17T13:31:31.108066,RSA,3072,,1,29,0.002507,2.507,3220,True,RSA-3072
2026-05-17T13:31:31.108300,RSA,3072,,1,30,0.002653,2.653,3220,True,RSA-3072
2026-05-17T13:31:32.047912,RSA,3072,,2,1,0.004903,4.903,4839,True,RSA-3072
2026-05-17T13:31:32.048316,RSA,3072,,2,2,0.004045,4.045,4839,True,RSA-3072
2026-05-17T13:31:32.048418,RSA,3072,,2,3,0.003153,3.153,4839,True,RSA-3072
2026-05-17T13:31:32.048479,RSA,3072,,2,4,0.002701,2.701,4839,True,RSA-3072
2026-05-17T13:31:32.048535,RSA,3072,,2,5,0.002756,2.756,4839,True,RSA-3072
2026-05-17T13:31:32.048590,RSA,3072,,2,6,0.0025,2.5,4839,True,RSA-3072
2026-05-17T13:31:32.048641,RSA,3072,,2,7,0.003426,3.426,4839,True,RSA-3072
2026-05-17T13:31:32.048693,RSA,3072,,2,8,0.003058,3.058,4839,True,RSA-3072
2026-05-17T13:31:32.048743,RSA,3072,,2,9,0.003017,3.017,4839,True,RSA-3072
2026-05-17T13:31:32.048793,RSA,3072,,2,10,0.002828,2.828,4839,True,RSA-3072
2026-05-17T13:31:32.048841,RSA,3072,,2,11,0.002544,2.544,4839,True,RSA-3072
2026-05-17T13:31:32.048887,RSA,3072,,2,12,0.002593,2.593,4839,True,RSA-3072
2026-05-17T13:31:32.048936,RSA,3072,,2,13,0.002399,2.399,4839,True,RSA-3072
2026-05-17T13:31:32.048981,RSA,3072,,2,14,0.002573,2.573,4839,True,RSA-3072
2026-05-17T13:31:32.049029,RSA,3072,,2,15,0.002601,2.601,4839,True,RSA-3072
2026-05-17T13:31:32.049077,RSA,3072,,2,16,0.002467,2.467,4839,True,RSA-3072
2026-05-17T13:31:32.049123,RSA,3072,,2,17,0.00261,2.61,4839,True,RSA-3072
2026-05-17T13:31:32.049170,RSA,3072,,2,18,0.00259,2.59,4839,True,RSA-3072
2026-05-17T13:31:32.049217,RSA,3072,,2,19,0.002557,2.557,4839,True,RSA-3072
2026-05-17T13:31:32.049264,RSA,3072,,2,20,0.002909,2.909,4839,True,RSA-3072
2026-05-17T13:31:32.049311,RSA,3072,,2,21,0.002544,2.544,4839,True,RSA-3072
2026-05-17T13:31:32.049358,RSA,3072,,2,22,0.002526,2.526,4839,True,RSA-3072
2026-05-17T13:31:32.049405,RSA,3072,,2,23,0.002594,2.594,4839,True,RSA-3072
2026-05-17T13:31:32.049451,RSA,3072,,2,24,0.002526,2.526,4839,True,RSA-3072
2026-05-17T13:31:32.049496,RSA,3072,,2,25,0.002404,2.404,4839,True,RSA-3072
2026-05-17T13:31:32.049548,RSA,3072,,2,26,0.002442,2.442,4839,True,RSA-3072
2026-05-17T13:31:32.049595,RSA,3072,,2,27,0.002439,2.439,4839,True,RSA-3072
2026-05-17T13:31:32.049641,RSA,3072,,2,28,0.002766,2.766,4839,True,RSA-3072
2026-05-17T13:31:32.049687,RSA,3072,,2,29,0.002764,2.764,4839,True,RSA-3072
2026-05-17T13:31:32.049739,RSA,3072,,2,30,0.002465,2.465,4839,True,RSA-3072
2026-05-17T13:31:34.177115,RSA,3072,,3,1,0.004307,4.307,6458,True,RSA-3072
2026-05-17T13:31:34.177329,RSA,3072,,3,2,0.00312,3.12,6458,True,RSA-3072
2026-05-17T13:31:34.177406,RSA,3072,,3,3,0.003079,3.079,6458,True,RSA-3072
2026-05-17T13:31:34.177500,RSA,3072,,3,4,0.002887,2.887,6458,True,RSA-3072
2026-05-17T13:31:34.177544,RSA,3072,,3,5,0.002896,2.896,6458,True,RSA-3072
2026-05-17T13:31:34.177581,RSA,3072,,3,6,0.002772,2.772,6458,True,RSA-3072
2026-05-17T13:31:34.177619,RSA,3072,,3,7,0.002766,2.766,6458,True,RSA-3072
2026-05-17T13:31:34.177655,RSA,3072,,3,8,0.002754,2.754,6458,True,RSA-3072
2026-05-17T13:31:34.177690,RSA,3072,,3,9,0.00275,2.75,6458,True,RSA-3072
2026-05-17T13:31:34.177725,RSA,3072,,3,10,0.002587,2.587,6458,True,RSA-3072
2026-05-17T13:31:34.177759,RSA,3072,,3,11,0.002898,2.898,6458,True,RSA-3072
2026-05-17T13:31:34.177793,RSA,3072,,3,12,0.002619,2.619,6458,True,RSA-3072
2026-05-17T13:31:34.177826,RSA,3072,,3,13,0.002575,2.575,6458,True,RSA-3072
2026-05-17T13:31:34.177859,RSA,3072,,3,14,0.002786,2.786,6458,True,RSA-3072
2026-05-17T13:31:34.177892,RSA,3072,,3,15,0.0028,2.8,6458,True,RSA-3072
2026-05-17T13:31:34.177926,RSA,3072,,3,16,0.002517,2.517,6458,True,RSA-3072
2026-05-17T13:31:34.177959,RSA,3072,,3,17,0.002436,2.436,6458,True,RSA-3072
2026-05-17T13:31:34.177993,RSA,3072,,3,18,0.002553,2.553,6458,True,RSA-3072
2026-05-17T13:31:34.178028,RSA,3072,,3,19,0.002625,2.625,6458,True,RSA-3072
2026-05-17T13:31:34.178092,RSA,3072,,3,20,0.002518,2.518,6458,True,RSA-3072
2026-05-17T13:31:34.178159,RSA,3072,,3,21,0.002548,2.548,6458,True,RSA-3072
2026-05-17T13:31:34.178207,RSA,3072,,3,22,0.002516,2.516,6458,True,RSA-3072
2026-05-17T13:31:34.178249,RSA,3072,,3,23,0.002549,2.549,6458,True,RSA-3072
2026-05-17T13:31:34.178287,RSA,3072,,3,24,0.002495,2.495,6458,True,RSA-3072
2026-05-17T13:31:34.178325,RSA,3072,,3,25,0.002454,2.454,6458,True,RSA-3072
2026-05-17T13:31:34.178361,RSA,3072,,3,26,0.002715,2.715,6458,True,RSA-3072
2026-05-17T13:31:34.178397,RSA,3072,,3,27,0.002514,2.514,6458,True,RSA-3072
2026-05-17T13:31:34.178435,RSA,3072,,3,28,0.002465,2.465,6458,True,RSA-3072
2026-05-17T13:31:34.178470,RSA,3072,,3,29,0.00243,2.43,6458,True,RSA-3072
2026-05-17T13:31:34.178505,RSA,3072,,3,30,0.002426,2.426,6458,True,RSA-3072
2026-05-17T13:31:35.016053,RSA,4096,,0,1,0.006668,6.668,1948,True,RSA-4096
2026-05-17T13:31:35.016270,RSA,4096,,0,2,0.005024,5.024,1948,True,RSA-4096
2026-05-17T13:31:35.016347,RSA,4096,,0,3,0.004783,4.783,1948,True,RSA-4096
2026-05-17T13:31:35.016400,RSA,4096,,0,4,0.004534,4.534,1948,True,RSA-4096
2026-05-17T13:31:35.016445,RSA,4096,,0,5,0.004336,4.336,1948,True,RSA-4096
2026-05-17T13:31:35.016492,RSA,4096,,0,6,0.004234,4.234,1948,True,RSA-4096
2026-05-17T13:31:35.016535,RSA,4096,,0,7,0.004128,4.128,1948,True,RSA-4096
2026-05-17T13:31:35.016586,RSA,4096,,0,8,0.0041,4.1,1948,True,RSA-4096
2026-05-17T13:31:35.016628,RSA,4096,,0,9,0.004033,4.033,1948,True,RSA-4096
2026-05-17T13:31:35.016684,RSA,4096,,0,10,0.004015,4.015,1948,True,RSA-4096
2026-05-17T13:31:35.016724,RSA,4096,,0,11,0.004256,4.256,1948,True,RSA-4096
2026-05-17T13:31:35.016768,RSA,4096,,0,12,0.004175,4.175,1948,True,RSA-4096
2026-05-17T13:31:35.016812,RSA,4096,,0,13,0.004019,4.019,1948,True,RSA-4096
2026-05-17T13:31:35.016854,RSA,4096,,0,14,0.004206,4.206,1948,True,RSA-4096
2026-05-17T13:31:35.016895,RSA,4096,,0,15,0.00417,4.17,1948,True,RSA-4096
2026-05-17T13:31:35.016938,RSA,4096,,0,16,0.004036,4.036,1948,True,RSA-4096
2026-05-17T13:31:35.016978,RSA,4096,,0,17,0.003958,3.958,1948,True,RSA-4096
2026-05-17T13:31:35.017018,RSA,4096,,0,18,0.004385,4.385,1948,True,RSA-4096
2026-05-17T13:31:35.017060,RSA,4096,,0,19,0.004262,4.262,1948,True,RSA-4096
2026-05-17T13:31:35.017100,RSA,4096,,0,20,0.004026,4.026,1948,True,RSA-4096
2026-05-17T13:31:35.017140,RSA,4096,,0,21,0.004057,4.057,1948,True,RSA-4096
2026-05-17T13:31:35.017178,RSA,4096,,0,22,0.004237,4.237,1948,True,RSA-4096
2026-05-17T13:31:35.017210,RSA,4096,,0,23,0.004276,4.276,1948,True,RSA-4096
2026-05-17T13:31:35.017243,RSA,4096,,0,24,0.004028,4.028,1948,True,RSA-4096
2026-05-17T13:31:35.017276,RSA,4096,,0,25,0.004185,4.185,1948,True,RSA-4096
2026-05-17T13:31:35.017308,RSA,4096,,0,26,0.004092,4.092,1948,True,RSA-4096
2026-05-17T13:31:35.017389,RSA,4096,,0,27,0.004081,4.081,1948,True,RSA-4096
2026-05-17T13:31:35.017424,RSA,4096,,0,28,0.003995,3.995,1948,True,RSA-4096
2026-05-17T13:31:35.017458,RSA,4096,,0,29,0.004228,4.228,1948,True,RSA-4096
2026-05-17T13:31:35.017492,RSA,4096,,0,30,0.004373,4.373,1948,True,RSA-4096
2026-05-17T13:31:38.192587,RSA,4096,,1,1,0.006259,6.259,3916,True,RSA-4096
2026-05-17T13:31:38.193078,RSA,4096,,1,2,0.004512,4.512,3916,True,RSA-4096
2026-05-17T13:31:38.193160,RSA,4096,,1,3,0.004475,4.475,3916,True,RSA-4096
2026-05-17T13:31:38.193222,RSA,4096,,1,4,0.004804,4.804,3916,True,RSA-4096
2026-05-17T13:31:38.193275,RSA,4096,,1,5,0.004456,4.456,3916,True,RSA-4096
2026-05-17T13:31:38.193327,RSA,4096,,1,6,0.004571,4.571,3916,True,RSA-4096
2026-05-17T13:31:38.193376,RSA,4096,,1,7,0.00474,4.74,3916,True,RSA-4096
2026-05-17T13:31:38.193423,RSA,4096,,1,8,0.004623,4.623,3916,True,RSA-4096
2026-05-17T13:31:38.193470,RSA,4096,,1,9,0.004627,4.627,3916,True,RSA-4096
2026-05-17T13:31:38.193518,RSA,4096,,1,10,0.004604,4.604,3916,True,RSA-4096
2026-05-17T13:31:38.193565,RSA,4096,,1,11,0.004508,4.508,3916,True,RSA-4096
2026-05-17T13:31:38.193610,RSA,4096,,1,12,0.00432,4.32,3916,True,RSA-4096
2026-05-17T13:31:38.193652,RSA,4096,,1,13,0.004554,4.554,3916,True,RSA-4096
2026-05-17T13:31:38.193697,RSA,4096,,1,14,0.004702,4.702,3916,True,RSA-4096
2026-05-17T13:31:38.193745,RSA,4096,,1,15,0.004582,4.582,3916,True,RSA-4096
2026-05-17T13:31:38.193787,RSA,4096,,1,16,0.004432,4.432,3916,True,RSA-4096
2026-05-17T13:31:38.193823,RSA,4096,,1,17,0.004846,4.846,3916,True,RSA-4096
2026-05-17T13:31:38.193857,RSA,4096,,1,18,0.00454,4.54,3916,True,RSA-4096
2026-05-17T13:31:38.193893,RSA,4096,,1,19,0.00426,4.26,3916,True,RSA-4096
2026-05-17T13:31:38.193928,RSA,4096,,1,20,0.004514,4.514,3916,True,RSA-4096
2026-05-17T13:31:38.193963,RSA,4096,,1,21,0.004171,4.171,3916,True,RSA-4096
2026-05-17T13:31:38.193999,RSA,4096,,1,22,0.004272,4.272,3916,True,RSA-4096
2026-05-17T13:31:38.194033,RSA,4096,,1,23,0.004311,4.311,3916,True,RSA-4096
2026-05-17T13:31:38.194068,RSA,4096,,1,24,0.004356,4.356,3916,True,RSA-4096
2026-05-17T13:31:38.194102,RSA,4096,,1,25,0.00416,4.16,3916,True,RSA-4096
2026-05-17T13:31:38.194137,RSA,4096,,1,26,0.004195,4.195,3916,True,RSA-4096
2026-05-17T13:31:38.194172,RSA,4096,,1,27,0.004263,4.263,3916,True,RSA-4096
2026-05-17T13:31:38.194205,RSA,4096,,1,28,0.004195,4.195,3916,True,RSA-4096
2026-05-17T13:31:38.194238,RSA,4096,,1,29,0.004117,4.117,3916,True,RSA-4096
2026-05-17T13:31:38.194271,RSA,4096,,1,30,0.004235,4.235,3916,True,RSA-4096
2026-05-17T13:31:39.961660,RSA,4096,,2,1,0.005673,5.673,5884,True,RSA-4096
2026-05-17T13:31:39.961909,RSA,4096,,2,2,0.004575,4.575,5884,True,RSA-4096
2026-05-17T13:31:39.962033,RSA,4096,,2,3,0.004499,4.499,5884,True,RSA-4096
2026-05-17T13:31:39.962152,RSA,4096,,2,4,0.004777,4.777,5884,True,RSA-4096
2026-05-17T13:31:39.962232,RSA,4096,,2,5,0.004781,4.781,5884,True,RSA-4096
2026-05-17T13:31:39.962284,RSA,4096,,2,6,0.004628,4.628,5884,True,RSA-4096
2026-05-17T13:31:39.962329,RSA,4096,,2,7,0.004666,4.666,5884,True,RSA-4096
2026-05-17T13:31:39.962368,RSA,4096,,2,8,0.004671,4.671,5884,True,RSA-4096
2026-05-17T13:31:39.962406,RSA,4096,,2,9,0.004728,4.728,5884,True,RSA-4096
2026-05-17T13:31:39.962444,RSA,4096,,2,10,0.004592,4.592,5884,True,RSA-4096
2026-05-17T13:31:39.962481,RSA,4096,,2,11,0.004824,4.824,5884,True,RSA-4096
2026-05-17T13:31:39.962518,RSA,4096,,2,12,0.004731,4.731,5884,True,RSA-4096
2026-05-17T13:31:39.962556,RSA,4096,,2,13,0.004613,4.613,5884,True,RSA-4096
2026-05-17T13:31:39.962590,RSA,4096,,2,14,0.004628,4.628,5884,True,RSA-4096
2026-05-17T13:31:39.962626,RSA,4096,,2,15,0.004678,4.678,5884,True,RSA-4096
2026-05-17T13:31:39.962668,RSA,4096,,2,16,0.004627,4.627,5884,True,RSA-4096
2026-05-17T13:31:39.962702,RSA,4096,,2,17,0.004693,4.693,5884,True,RSA-4096
2026-05-17T13:31:39.962737,RSA,4096,,2,18,0.004685,4.685,5884,True,RSA-4096
2026-05-17T13:31:39.962770,RSA,4096,,2,19,0.00469,4.69,5884,True,RSA-4096
2026-05-17T13:31:39.962803,RSA,4096,,2,20,0.004722,4.722,5884,True,RSA-4096
2026-05-17T13:31:39.962890,RSA,4096,,2,21,0.004487,4.487,5884,True,RSA-4096
2026-05-17T13:31:39.962932,RSA,4096,,2,22,0.004394,4.394,5884,True,RSA-4096
2026-05-17T13:31:39.962973,RSA,4096,,2,23,0.004627,4.627,5884,True,RSA-4096
2026-05-17T13:31:39.963011,RSA,4096,,2,24,0.004457,4.457,5884,True,RSA-4096
2026-05-17T13:31:39.963049,RSA,4096,,2,25,0.004479,4.479,5884,True,RSA-4096
2026-05-17T13:31:39.963086,RSA,4096,,2,26,0.004451,4.451,5884,True,RSA-4096
2026-05-17T13:31:39.963126,RSA,4096,,2,27,0.004519,4.519,5884,True,RSA-4096
2026-05-17T13:31:39.963163,RSA,4096,,2,28,0.00449,4.49,5884,True,RSA-4096
2026-05-17T13:31:39.963200,RSA,4096,,2,29,0.00439,4.39,5884,True,RSA-4096
2026-05-17T13:31:39.963236,RSA,4096,,2,30,0.004296,4.296,5884,True,RSA-4096
2026-05-17T13:31:43.787380,RSA,4096,,3,1,0.007204,7.204,7852,True,RSA-4096
2026-05-17T13:31:43.787556,RSA,4096,,3,2,0.005545,5.545,7852,True,RSA-4096
2026-05-17T13:31:43.787801,RSA,4096,,3,3,0.005211,5.211,7852,True,RSA-4096
2026-05-17T13:31:43.787884,RSA,4096,,3,4,0.004972,4.972,7852,True,RSA-4096
2026-05-17T13:31:43.787940,RSA,4096,,3,5,0.004993,4.993,7852,True,RSA-4096
2026-05-17T13:31:43.787990,RSA,4096,,3,6,0.004648,4.648,7852,True,RSA-4096
2026-05-17T13:31:43.788037,RSA,4096,,3,7,0.004967,4.967,7852,True,RSA-4096
2026-05-17T13:31:43.788081,RSA,4096,,3,8,0.00474,4.74,7852,True,RSA-4096
2026-05-17T13:31:43.788125,RSA,4096,,3,9,0.004482,4.482,7852,True,RSA-4096
2026-05-17T13:31:43.788166,RSA,4096,,3,10,0.004517,4.517,7852,True,RSA-4096
2026-05-17T13:31:43.788209,RSA,4096,,3,11,0.004832,4.832,7852,True,RSA-4096
2026-05-17T13:31:43.788250,RSA,4096,,3,12,0.004428,4.428,7852,True,RSA-4096
2026-05-17T13:31:43.788292,RSA,4096,,3,13,0.004614,4.614,7852,True,RSA-4096
2026-05-17T13:31:43.788335,RSA,4096,,3,14,0.00458,4.58,7852,True,RSA-4096
2026-05-17T13:31:43.788376,RSA,4096,,3,15,0.004731,4.731,7852,True,RSA-4096
2026-05-17T13:31:43.788417,RSA,4096,,3,16,0.004524,4.524,7852,True,RSA-4096
2026-05-17T13:31:43.788458,RSA,4096,,3,17,0.004508,4.508,7852,True,RSA-4096
2026-05-17T13:31:43.788500,RSA,4096,,3,18,0.004699,4.699,7852,True,RSA-4096
2026-05-17T13:31:43.788542,RSA,4096,,3,19,0.004551,4.551,7852,True,RSA-4096
2026-05-17T13:31:43.788584,RSA,4096,,3,20,0.004467,4.467,7852,True,RSA-4096
2026-05-17T13:31:43.788628,RSA,4096,,3,21,0.004781,4.781,7852,True,RSA-4096
2026-05-17T13:31:43.788671,RSA,4096,,3,22,0.004465,4.465,7852,True,RSA-4096
2026-05-17T13:31:43.788731,RSA,4096,,3,23,0.004612,4.612,7852,True,RSA-4096
2026-05-17T13:31:43.788783,RSA,4096,,3,24,0.004625,4.625,7852,True,RSA-4096
2026-05-17T13:31:43.788836,RSA,4096,,3,25,0.004548,4.548,7852,True,RSA-4096
2026-05-17T13:31:43.788887,RSA,4096,,3,26,0.004432,4.432,7852,True,RSA-4096
2026-05-17T13:31:43.788932,RSA,4096,,3,27,0.004464,4.464,7852,True,RSA-4096
2026-05-17T13:31:43.788988,RSA,4096,,3,28,0.00455,4.55,7852,True,RSA-4096
2026-05-17T13:31:43.789040,RSA,4096,,3,29,0.004459,4.459,7852,True,RSA-4096
2026-05-17T13:31:43.789083,RSA,4096,,3,30,0.004392,4.392,7852,True,RSA-4096
2026-05-17T13:31:44.004535,ECDSA,,secp256r1,0,1,0.00233,2.33,721,True,ECDSA-secp256r1
2026-05-17T13:31:44.004741,ECDSA,,secp256r1,0,2,0.001274,1.274,721,True,ECDSA-secp256r1
2026-05-17T13:31:44.004826,ECDSA,,secp256r1,0,3,0.001181,1.181,721,True,ECDSA-secp256r1
2026-05-17T13:31:44.004896,ECDSA,,secp256r1,0,4,0.001122,1.122,721,True,ECDSA-secp256r1
2026-05-17T13:31:44.004962,ECDSA,,secp256r1,0,5,0.001089,1.089,721,True,ECDSA-secp256r1
2026-05-17T13:31:44.005012,ECDSA,,secp256r1,0,6,0.001039,1.039,721,True,ECDSA-secp256r1
2026-05-17T13:31:44.005067,ECDSA,,secp256r1,0,7,0.001029,1.029,721,True,ECDSA-secp256r1
2026-05-17T13:31:44.005118,ECDSA,,secp256r1,0,8,0.001052,1.052,721,True,ECDSA-secp256r1
2026-05-17T13:31:44.005174,ECDSA,,secp256r1,0,9,0.0011,1.1,721,True,ECDSA-secp256r1
2026-05-17T13:31:44.005217,ECDSA,,secp256r1,0,10,0.000902,0.902,721,True,ECDSA-secp256r1
2026-05-17T13:31:44.005267,ECDSA,,secp256r1,0,11,0.000947,0.947,721,True,ECDSA-secp256r1
2026-05-17T13:31:44.005326,ECDSA,,secp256r1,0,12,0.000964,0.964,721,True,ECDSA-secp256r1
2026-05-17T13:31:44.005430,ECDSA,,secp256r1,0,13,0.000927,0.927,721,True,ECDSA-secp256r1
2026-05-17T13:31:44.005490,ECDSA,,secp256r1,0,14,0.00088,0.88,721,True,ECDSA-secp256r1
2026-05-17T13:31:44.005541,ECDSA,,secp256r1,0,15,0.000775,0.775,721,True,ECDSA-secp256r1
2026-05-17T13:31:44.005593,ECDSA,,secp256r1,0,16,0.000833,0.833,721,True,ECDSA-secp256r1
2026-05-17T13:31:44.005647,ECDSA,,secp256r1,0,17,0.00078,0.78,721,True,ECDSA-secp256r1
2026-05-17T13:31:44.005698,ECDSA,,secp256r1,0,18,0.000885,0.885,721,True,ECDSA-secp256r1
2026-05-17T13:31:44.005753,ECDSA,,secp256r1,0,19,0.000791,0.791,721,True,ECDSA-secp256r1
2026-05-17T13:31:44.005807,ECDSA,,secp256r1,0,20,0.000838,0.838,721,True,ECDSA-secp256r1
2026-05-17T13:31:44.005862,ECDSA,,secp256r1,0,21,0.0008,0.8,721,True,ECDSA-secp256r1
2026-05-17T13:31:44.005906,ECDSA,,secp256r1,0,22,0.000824,0.824,721,True,ECDSA-secp256r1
2026-05-17T13:31:44.005949,ECDSA,,secp256r1,0,23,0.000812,0.812,721,True,ECDSA-secp256r1
2026-05-17T13:31:44.005991,ECDSA,,secp256r1,0,24,0.000786,0.786,721,True,ECDSA-secp256r1
2026-05-17T13:31:44.006034,ECDSA,,secp256r1,0,25,0.000771,0.771,721,True,ECDSA-secp256r1
2026-05-17T13:31:44.006078,ECDSA,,secp256r1,0,26,0.000792,0.792,721,True,ECDSA-secp256r1
2026-05-17T13:31:44.006122,ECDSA,,secp256r1,0,27,0.000716,0.716,721,True,ECDSA-secp256r1
2026-05-17T13:31:44.006225,ECDSA,,secp256r1,0,28,0.000766,0.766,721,True,ECDSA-secp256r1
2026-05-17T13:31:44.006299,ECDSA,,secp256r1,0,29,0.000779,0.779,721,True,ECDSA-secp256r1
2026-05-17T13:31:44.006356,ECDSA,,secp256r1,0,30,0.000771,0.771,721,True,ECDSA-secp256r1
2026-05-17T13:31:44.229830,ECDSA,,secp256r1,1,1,0.002189,2.189,1454,True,ECDSA-secp256r1
2026-05-17T13:31:44.230005,ECDSA,,secp256r1,1,2,0.002218,2.218,1454,True,ECDSA-secp256r1
2026-05-17T13:31:44.230298,ECDSA,,secp256r1,1,3,0.001832,1.832,1454,True,ECDSA-secp256r1
2026-05-17T13:31:44.230395,ECDSA,,secp256r1,1,4,0.001752,1.752,1454,True,ECDSA-secp256r1
2026-05-17T13:31:44.230477,ECDSA,,secp256r1,1,5,0.001583,1.583,1454,True,ECDSA-secp256r1
2026-05-17T13:31:44.230549,ECDSA,,secp256r1,1,6,0.001559,1.559,1454,True,ECDSA-secp256r1
2026-05-17T13:31:44.230614,ECDSA,,secp256r1,1,7,0.001599,1.599,1454,True,ECDSA-secp256r1
2026-05-17T13:31:44.230676,ECDSA,,secp256r1,1,8,0.001589,1.589,1454,True,ECDSA-secp256r1
2026-05-17T13:31:44.230730,ECDSA,,secp256r1,1,9,0.001287,1.287,1454,True,ECDSA-secp256r1
2026-05-17T13:31:44.230829,ECDSA,,secp256r1,1,10,0.001332,1.332,1454,True,ECDSA-secp256r1
2026-05-17T13:31:44.230890,ECDSA,,secp256r1,1,11,0.001343,1.343,1454,True,ECDSA-secp256r1
2026-05-17T13:31:44.230975,ECDSA,,secp256r1,1,12,0.001235,1.235,1454,True,ECDSA-secp256r1
2026-05-17T13:31:44.231053,ECDSA,,secp256r1,1,13,0.001186,1.186,1454,True,ECDSA-secp256r1
2026-05-17T13:31:44.231135,ECDSA,,secp256r1,1,14,0.001121,1.121,1454,True,ECDSA-secp256r1
2026-05-17T13:31:44.231214,ECDSA,,secp256r1,1,15,0.001231,1.231,1454,True,ECDSA-secp256r1
2026-05-17T13:31:44.231292,ECDSA,,secp256r1,1,16,0.001247,1.247,1454,True,ECDSA-secp256r1
2026-05-17T13:31:44.231367,ECDSA,,secp256r1,1,17,0.001161,1.161,1454,True,ECDSA-secp256r1
2026-05-17T13:31:44.231442,ECDSA,,secp256r1,1,18,0.001116,1.116,1454,True,ECDSA-secp256r1
2026-05-17T13:31:44.231521,ECDSA,,secp256r1,1,19,0.001119,1.119,1454,True,ECDSA-secp256r1
2026-05-17T13:31:44.231585,ECDSA,,secp256r1,1,20,0.00105,1.05,1454,True,ECDSA-secp256r1
2026-05-17T13:31:44.231665,ECDSA,,secp256r1,1,21,0.001038,1.038,1454,True,ECDSA-secp256r1
2026-05-17T13:31:44.231747,ECDSA,,secp256r1,1,22,0.001064,1.064,1454,True,ECDSA-secp256r1
2026-05-17T13:31:44.231825,ECDSA,,secp256r1,1,23,0.001068,1.068,1454,True,ECDSA-secp256r1
2026-05-17T13:31:44.231909,ECDSA,,secp256r1,1,24,0.000999,0.999,1454,True,ECDSA-secp256r1
2026-05-17T13:31:44.231989,ECDSA,,secp256r1,1,25,0.000995,0.995,1454,True,ECDSA-secp256r1
2026-05-17T13:31:44.232063,ECDSA,,secp256r1,1,26,0.000955,0.955,1454,True,ECDSA-secp256r1
2026-05-17T13:31:44.232144,ECDSA,,secp256r1,1,27,0.000994,0.994,1454,True,ECDSA-secp256r1
2026-05-17T13:31:44.232245,ECDSA,,secp256r1,1,28,0.001029,1.029,1454,True,ECDSA-secp256r1
2026-05-17T13:31:44.232285,ECDSA,,secp256r1,1,29,0.000968,0.968,1454,True,ECDSA-secp256r1
2026-05-17T13:31:44.232323,ECDSA,,secp256r1,1,30,0.00093,0.93,1454,True,ECDSA-secp256r1
2026-05-17T13:31:44.460652,ECDSA,,secp256r1,2,1,0.002708,2.708,2191,True,ECDSA-secp256r1
2026-05-17T13:31:44.460828,ECDSA,,secp256r1,2,2,0.002223,2.223,2191,True,ECDSA-secp256r1
2026-05-17T13:31:44.460900,ECDSA,,secp256r1,2,3,0.00215,2.15,2191,True,ECDSA-secp256r1
2026-05-17T13:31:44.460961,ECDSA,,secp256r1,2,4,0.001881,1.881,2191,True,ECDSA-secp256r1
2026-05-17T13:31:44.461004,ECDSA,,secp256r1,2,5,0.001896,1.896,2191,True,ECDSA-secp256r1
2026-05-17T13:31:44.461044,ECDSA,,secp256r1,2,6,0.001826,1.826,2191,True,ECDSA-secp256r1
2026-05-17T13:31:44.461086,ECDSA,,secp256r1,2,7,0.001699,1.699,2191,True,ECDSA-secp256r1
2026-05-17T13:31:44.461125,ECDSA,,secp256r1,2,8,0.001605,1.605,2191,True,ECDSA-secp256r1
2026-05-17T13:31:44.461165,ECDSA,,secp256r1,2,9,0.001757,1.757,2191,True,ECDSA-secp256r1
2026-05-17T13:31:44.461202,ECDSA,,secp256r1,2,10,0.001577,1.577,2191,True,ECDSA-secp256r1
2026-05-17T13:31:44.461238,ECDSA,,secp256r1,2,11,0.001439,1.439,2191,True,ECDSA-secp256r1
2026-05-17T13:31:44.461277,ECDSA,,secp256r1,2,12,0.001423,1.423,2191,True,ECDSA-secp256r1
2026-05-17T13:31:44.461314,ECDSA,,secp256r1,2,13,0.001369,1.369,2191,True,ECDSA-secp256r1
2026-05-17T13:31:44.461350,ECDSA,,secp256r1,2,14,0.001316,1.316,2191,True,ECDSA-secp256r1
2026-05-17T13:31:44.461385,ECDSA,,secp256r1,2,15,0.001413,1.413,2191,True,ECDSA-secp256r1
2026-05-17T13:31:44.461425,ECDSA,,secp256r1,2,16,0.001289,1.289,2191,True,ECDSA-secp256r1
2026-05-17T13:31:44.461460,ECDSA,,secp256r1,2,17,0.001316,1.316,2191,True,ECDSA-secp256r1
2026-05-17T13:31:44.461496,ECDSA,,secp256r1,2,18,0.001208,1.208,2191,True,ECDSA-secp256r1
2026-05-17T13:31:44.461531,ECDSA,,secp256r1,2,19,0.00131,1.31,2191,True,ECDSA-secp256r1
2026-05-17T13:31:44.461566,ECDSA,,secp256r1,2,20,0.00126,1.26,2191,True,ECDSA-secp256r1
2026-05-17T13:31:44.461602,ECDSA,,secp256r1,2,21,0.001157,1.157,2191,True,ECDSA-secp256r1
2026-05-17T13:31:44.461637,ECDSA,,secp256r1,2,22,0.001168,1.168,2191,True,ECDSA-secp256r1
2026-05-17T13:31:44.461672,ECDSA,,secp256r1,2,23,0.001196,1.196,2191,True,ECDSA-secp256r1
2026-05-17T13:31:44.461707,ECDSA,,secp256r1,2,24,0.00115,1.15,2191,True,ECDSA-secp256r1
2026-05-17T13:31:44.461742,ECDSA,,secp256r1,2,25,0.001133,1.133,2191,True,ECDSA-secp256r1
2026-05-17T13:31:44.461778,ECDSA,,secp256r1,2,26,0.001106,1.106,2191,True,ECDSA-secp256r1
2026-05-17T13:31:44.461813,ECDSA,,secp256r1,2,27,0.001075,1.075,2191,True,ECDSA-secp256r1
2026-05-17T13:31:44.461848,ECDSA,,secp256r1,2,28,0.001115,1.115,2191,True,ECDSA-secp256r1
2026-05-17T13:31:44.461886,ECDSA,,secp256r1,2,29,0.001173,1.173,2191,True,ECDSA-secp256r1
2026-05-17T13:31:44.461924,ECDSA,,secp256r1,2,30,0.001102,1.102,2191,True,ECDSA-secp256r1
2026-05-17T13:31:44.675940,ECDSA,,secp256r1,3,1,0.001527,1.527,2932,True,ECDSA-secp256r1
2026-05-17T13:31:44.676130,ECDSA,,secp256r1,3,2,0.001287,1.287,2932,True,ECDSA-secp256r1
2026-05-17T13:31:44.676222,ECDSA,,secp256r1,3,3,0.001262,1.262,2932,True,ECDSA-secp256r1
2026-05-17T13:31:44.676283,ECDSA,,secp256r1,3,4,0.00119,1.19,2932,True,ECDSA-secp256r1
2026-05-17T13:31:44.676338,ECDSA,,secp256r1,3,5,0.001186,1.186,2932,True,ECDSA-secp256r1
2026-05-17T13:31:44.676386,ECDSA,,secp256r1,3,6,0.001818,1.818,2932,True,ECDSA-secp256r1
2026-05-17T13:31:44.676437,ECDSA,,secp256r1,3,7,0.001245,1.245,2932,True,ECDSA-secp256r1
2026-05-17T13:31:44.676486,ECDSA,,secp256r1,3,8,0.001244,1.244,2932,True,ECDSA-secp256r1
2026-05-17T13:31:44.676530,ECDSA,,secp256r1,3,9,0.001194,1.194,2932,True,ECDSA-secp256r1
2026-05-17T13:31:44.676579,ECDSA,,secp256r1,3,10,0.001119,1.119,2932,True,ECDSA-secp256r1
2026-05-17T13:31:44.676626,ECDSA,,secp256r1,3,11,0.001197,1.197,2932,True,ECDSA-secp256r1
2026-05-17T13:31:44.676674,ECDSA,,secp256r1,3,12,0.00119,1.19,2932,True,ECDSA-secp256r1
2026-05-17T13:31:44.676721,ECDSA,,secp256r1,3,13,0.001143,1.143,2932,True,ECDSA-secp256r1
2026-05-17T13:31:44.676822,ECDSA,,secp256r1,3,14,0.001145,1.145,2932,True,ECDSA-secp256r1
2026-05-17T13:31:44.676874,ECDSA,,secp256r1,3,15,0.001214,1.214,2932,True,ECDSA-secp256r1
2026-05-17T13:31:44.676922,ECDSA,,secp256r1,3,16,0.001181,1.181,2932,True,ECDSA-secp256r1
2026-05-17T13:31:44.676968,ECDSA,,secp256r1,3,17,0.001138,1.138,2932,True,ECDSA-secp256r1
2026-05-17T13:31:44.677013,ECDSA,,secp256r1,3,18,0.001104,1.104,2932,True,ECDSA-secp256r1
2026-05-17T13:31:44.677064,ECDSA,,secp256r1,3,19,0.001213,1.213,2932,True,ECDSA-secp256r1
2026-05-17T13:31:44.677111,ECDSA,,secp256r1,3,20,0.001193,1.193,2932,True,ECDSA-secp256r1
2026-05-17T13:31:44.677165,ECDSA,,secp256r1,3,21,0.001137,1.137,2932,True,ECDSA-secp256r1
2026-05-17T13:31:44.677211,ECDSA,,secp256r1,3,22,0.001104,1.104,2932,True,ECDSA-secp256r1
2026-05-17T13:31:44.677255,ECDSA,,secp256r1,3,23,0.001545,1.545,2932,True,ECDSA-secp256r1
2026-05-17T13:31:44.677307,ECDSA,,secp256r1,3,24,0.00119,1.19,2932,True,ECDSA-secp256r1
2026-05-17T13:31:44.677358,ECDSA,,secp256r1,3,25,0.001418,1.418,2932,True,ECDSA-secp256r1
2026-05-17T13:31:44.677405,ECDSA,,secp256r1,3,26,0.001211,1.211,2932,True,ECDSA-secp256r1
2026-05-17T13:31:44.677452,ECDSA,,secp256r1,3,27,0.00113,1.13,2932,True,ECDSA-secp256r1
2026-05-17T13:31:44.677495,ECDSA,,secp256r1,3,28,0.001183,1.183,2932,True,ECDSA-secp256r1
2026-05-17T13:31:44.677541,ECDSA,,secp256r1,3,29,0.001178,1.178,2932,True,ECDSA-secp256r1
2026-05-17T13:31:44.677586,ECDSA,,secp256r1,3,30,0.001257,1.257,2932,True,ECDSA-secp256r1
2026-05-17T13:31:44.929777,ECDSA,,secp384r1,0,1,0.003127,3.127,802,True,ECDSA-secp384r1
2026-05-17T13:31:44.929972,ECDSA,,secp384r1,0,2,0.002184,2.184,802,True,ECDSA-secp384r1
2026-05-17T13:31:44.930213,ECDSA,,secp384r1,0,3,0.002213,2.213,802,True,ECDSA-secp384r1
2026-05-17T13:31:44.930300,ECDSA,,secp384r1,0,4,0.002234,2.234,802,True,ECDSA-secp384r1
2026-05-17T13:31:44.930368,ECDSA,,secp384r1,0,5,0.002606,2.606,802,True,ECDSA-secp384r1
2026-05-17T13:31:44.930431,ECDSA,,secp384r1,0,6,0.002164,2.164,802,True,ECDSA-secp384r1
2026-05-17T13:31:44.930491,ECDSA,,secp384r1,0,7,0.002149,2.149,802,True,ECDSA-secp384r1
2026-05-17T13:31:44.930553,ECDSA,,secp384r1,0,8,0.002118,2.118,802,True,ECDSA-secp384r1
2026-05-17T13:31:44.930601,ECDSA,,secp384r1,0,9,0.002323,2.323,802,True,ECDSA-secp384r1
2026-05-17T13:31:44.930658,ECDSA,,secp384r1,0,10,0.00349,3.49,802,True,ECDSA-secp384r1
2026-05-17T13:31:44.930711,ECDSA,,secp384r1,0,11,0.002677,2.677,802,True,ECDSA-secp384r1
2026-05-17T13:31:44.930763,ECDSA,,secp384r1,0,12,0.002288,2.288,802,True,ECDSA-secp384r1
2026-05-17T13:31:44.930805,ECDSA,,secp384r1,0,13,0.00205,2.05,802,True,ECDSA-secp384r1
2026-05-17T13:31:44.930849,ECDSA,,secp384r1,0,14,0.001969,1.969,802,True,ECDSA-secp384r1
2026-05-17T13:31:44.930896,ECDSA,,secp384r1,0,15,0.002015,2.015,802,True,ECDSA-secp384r1
2026-05-17T13:31:44.930942,ECDSA,,secp384r1,0,16,0.002029,2.029,802,True,ECDSA-secp384r1
2026-05-17T13:31:44.930987,ECDSA,,secp384r1,0,17,0.002091,2.091,802,True,ECDSA-secp384r1
2026-05-17T13:31:44.931033,ECDSA,,secp384r1,0,18,0.00206,2.06,802,True,ECDSA-secp384r1
2026-05-17T13:31:44.931076,ECDSA,,secp384r1,0,19,0.002063,2.063,802,True,ECDSA-secp384r1
2026-05-17T13:31:44.931119,ECDSA,,secp384r1,0,20,0.002042,2.042,802,True,ECDSA-secp384r1
2026-05-17T13:31:44.931174,ECDSA,,secp384r1,0,21,0.002061,2.061,802,True,ECDSA-secp384r1
2026-05-17T13:31:44.931226,ECDSA,,secp384r1,0,22,0.002287,2.287,802,True,ECDSA-secp384r1
2026-05-17T13:31:44.931278,ECDSA,,secp384r1,0,23,0.002039,2.039,802,True,ECDSA-secp384r1
2026-05-17T13:31:44.931328,ECDSA,,secp384r1,0,24,0.002115,2.115,802,True,ECDSA-secp384r1
2026-05-17T13:31:44.931378,ECDSA,,secp384r1,0,25,0.002051,2.051,802,True,ECDSA-secp384r1
2026-05-17T13:31:44.931430,ECDSA,,secp384r1,0,26,0.002319,2.319,802,True,ECDSA-secp384r1
2026-05-17T13:31:44.931481,ECDSA,,secp384r1,0,27,0.002245,2.245,802,True,ECDSA-secp384r1
2026-05-17T13:31:44.931531,ECDSA,,secp384r1,0,28,0.002077,2.077,802,True,ECDSA-secp384r1
2026-05-17T13:31:44.931635,ECDSA,,secp384r1,0,29,0.002262,2.262,802,True,ECDSA-secp384r1
2026-05-17T13:31:44.931686,ECDSA,,secp384r1,0,30,0.002048,2.048,802,True,ECDSA-secp384r1
2026-05-17T13:31:45.206348,ECDSA,,secp384r1,1,1,0.005353,5.353,1620,True,ECDSA-secp384r1
2026-05-17T13:31:45.206516,ECDSA,,secp384r1,1,2,0.003546,3.546,1620,True,ECDSA-secp384r1
2026-05-17T13:31:45.206594,ECDSA,,secp384r1,1,3,0.003944,3.944,1620,True,ECDSA-secp384r1
2026-05-17T13:31:45.206654,ECDSA,,secp384r1,1,4,0.003447,3.447,1620,True,ECDSA-secp384r1
2026-05-17T13:31:45.206707,ECDSA,,secp384r1,1,5,0.004079,4.079,1620,True,ECDSA-secp384r1
2026-05-17T13:31:45.206756,ECDSA,,secp384r1,1,6,0.003117,3.117,1620,True,ECDSA-secp384r1
2026-05-17T13:31:45.206801,ECDSA,,secp384r1,1,7,0.003271,3.271,1620,True,ECDSA-secp384r1
2026-05-17T13:31:45.206847,ECDSA,,secp384r1,1,8,0.003266,3.266,1620,True,ECDSA-secp384r1
2026-05-17T13:31:45.206892,ECDSA,,secp384r1,1,9,0.003381,3.381,1620,True,ECDSA-secp384r1
2026-05-17T13:31:45.206936,ECDSA,,secp384r1,1,10,0.003312,3.312,1620,True,ECDSA-secp384r1
2026-05-17T13:31:45.206980,ECDSA,,secp384r1,1,11,0.003203,3.203,1620,True,ECDSA-secp384r1
2026-05-17T13:31:45.207023,ECDSA,,secp384r1,1,12,0.003206,3.206,1620,True,ECDSA-secp384r1
2026-05-17T13:31:45.207065,ECDSA,,secp384r1,1,13,0.003027,3.027,1620,True,ECDSA-secp384r1
2026-05-17T13:31:45.207105,ECDSA,,secp384r1,1,14,0.002945,2.945,1620,True,ECDSA-secp384r1
2026-05-17T13:31:45.207148,ECDSA,,secp384r1,1,15,0.003011,3.011,1620,True,ECDSA-secp384r1
2026-05-17T13:31:45.207190,ECDSA,,secp384r1,1,16,0.00278,2.78,1620,True,ECDSA-secp384r1
2026-05-17T13:31:45.207232,ECDSA,,secp384r1,1,17,0.002817,2.817,1620,True,ECDSA-secp384r1
2026-05-17T13:31:45.207271,ECDSA,,secp384r1,1,18,0.002837,2.837,1620,True,ECDSA-secp384r1
2026-05-17T13:31:45.207312,ECDSA,,secp384r1,1,19,0.00273,2.73,1620,True,ECDSA-secp384r1
2026-05-17T13:31:45.207353,ECDSA,,secp384r1,1,20,0.002771,2.771,1620,True,ECDSA-secp384r1
2026-05-17T13:31:45.207395,ECDSA,,secp384r1,1,21,0.002697,2.697,1620,True,ECDSA-secp384r1
2026-05-17T13:31:45.207433,ECDSA,,secp384r1,1,22,0.002791,2.791,1620,True,ECDSA-secp384r1
2026-05-17T13:31:45.207470,ECDSA,,secp384r1,1,23,0.002644,2.644,1620,True,ECDSA-secp384r1
2026-05-17T13:31:45.207510,ECDSA,,secp384r1,1,24,0.003194,3.194,1620,True,ECDSA-secp384r1
2026-05-17T13:31:45.207548,ECDSA,,secp384r1,1,25,0.002733,2.733,1620,True,ECDSA-secp384r1
2026-05-17T13:31:45.207589,ECDSA,,secp384r1,1,26,0.002633,2.633,1620,True,ECDSA-secp384r1
2026-05-17T13:31:45.207626,ECDSA,,secp384r1,1,27,0.002587,2.587,1620,True,ECDSA-secp384r1
2026-05-17T13:31:45.207664,ECDSA,,secp384r1,1,28,0.002518,2.518,1620,True,ECDSA-secp384r1
2026-05-17T13:31:45.207701,ECDSA,,secp384r1,1,29,0.002535,2.535,1620,True,ECDSA-secp384r1
2026-05-17T13:31:45.207740,ECDSA,,secp384r1,1,30,0.00248,2.48,1620,True,ECDSA-secp384r1
2026-05-17T13:31:45.508848,ECDSA,,secp384r1,2,1,0.006429,6.429,2438,True,ECDSA-secp384r1
2026-05-17T13:31:45.509169,ECDSA,,secp384r1,2,2,0.006268,6.268,2438,True,ECDSA-secp384r1
2026-05-17T13:31:45.509420,ECDSA,,secp384r1,2,3,0.004914,4.914,2438,True,ECDSA-secp384r1
2026-05-17T13:31:45.509499,ECDSA,,secp384r1,2,4,0.004585,4.585,2438,True,ECDSA-secp384r1
2026-05-17T13:31:45.509571,ECDSA,,secp384r1,2,5,0.004306,4.306,2438,True,ECDSA-secp384r1
2026-05-17T13:31:45.509633,ECDSA,,secp384r1,2,6,0.004191,4.191,2438,True,ECDSA-secp384r1
2026-05-17T13:31:45.509684,ECDSA,,secp384r1,2,7,0.003903,3.903,2438,True,ECDSA-secp384r1
2026-05-17T13:31:45.509747,ECDSA,,secp384r1,2,8,0.003873,3.873,2438,True,ECDSA-secp384r1
2026-05-17T13:31:45.509807,ECDSA,,secp384r1,2,9,0.003793,3.793,2438,True,ECDSA-secp384r1
2026-05-17T13:31:45.509850,ECDSA,,secp384r1,2,10,0.003532,3.532,2438,True,ECDSA-secp384r1
2026-05-17T13:31:45.509893,ECDSA,,secp384r1,2,11,0.003475,3.475,2438,True,ECDSA-secp384r1
2026-05-17T13:31:45.509941,ECDSA,,secp384r1,2,12,0.003549,3.549,2438,True,ECDSA-secp384r1
2026-05-17T13:31:45.509983,ECDSA,,secp384r1,2,13,0.003381,3.381,2438,True,ECDSA-secp384r1
2026-05-17T13:31:45.510079,ECDSA,,secp384r1,2,14,0.003391,3.391,2438,True,ECDSA-secp384r1
2026-05-17T13:31:45.510144,ECDSA,,secp384r1,2,15,0.003281,3.281,2438,True,ECDSA-secp384r1
2026-05-17T13:31:45.510200,ECDSA,,secp384r1,2,16,0.003319,3.319,2438,True,ECDSA-secp384r1
2026-05-17T13:31:45.510255,ECDSA,,secp384r1,2,17,0.003257,3.257,2438,True,ECDSA-secp384r1
2026-05-17T13:31:45.510305,ECDSA,,secp384r1,2,18,0.00327,3.27,2438,True,ECDSA-secp384r1
2026-05-17T13:31:45.510355,ECDSA,,secp384r1,2,19,0.0031,3.1,2438,True,ECDSA-secp384r1
2026-05-17T13:31:45.510417,ECDSA,,secp384r1,2,20,0.003312,3.312,2438,True,ECDSA-secp384r1
2026-05-17T13:31:45.510468,ECDSA,,secp384r1,2,21,0.00359,3.59,2438,True,ECDSA-secp384r1
2026-05-17T13:31:45.510516,ECDSA,,secp384r1,2,22,0.003231,3.231,2438,True,ECDSA-secp384r1
2026-05-17T13:31:45.510575,ECDSA,,secp384r1,2,23,0.003174,3.174,2438,True,ECDSA-secp384r1
2026-05-17T13:31:45.510620,ECDSA,,secp384r1,2,24,0.003208,3.208,2438,True,ECDSA-secp384r1
2026-05-17T13:31:45.510666,ECDSA,,secp384r1,2,25,0.003244,3.244,2438,True,ECDSA-secp384r1
2026-05-17T13:31:45.510712,ECDSA,,secp384r1,2,26,0.003282,3.282,2438,True,ECDSA-secp384r1
2026-05-17T13:31:45.510781,ECDSA,,secp384r1,2,27,0.003283,3.283,2438,True,ECDSA-secp384r1
2026-05-17T13:31:45.510820,ECDSA,,secp384r1,2,28,0.003099,3.099,2438,True,ECDSA-secp384r1
2026-05-17T13:31:45.510858,ECDSA,,secp384r1,2,29,0.003224,3.224,2438,True,ECDSA-secp384r1
2026-05-17T13:31:45.510911,ECDSA,,secp384r1,2,30,0.003363,3.363,2438,True,ECDSA-secp384r1
2026-05-17T13:31:45.828863,ECDSA,,secp384r1,3,1,0.007434,7.434,3256,True,ECDSA-secp384r1
2026-05-17T13:31:45.829047,ECDSA,,secp384r1,3,2,0.006232,6.232,3256,True,ECDSA-secp384r1
2026-05-17T13:31:45.829330,ECDSA,,secp384r1,3,3,0.0057,5.7,3256,True,ECDSA-secp384r1
2026-05-17T13:31:45.829410,ECDSA,,secp384r1,3,4,0.005194,5.194,3256,True,ECDSA-secp384r1
2026-05-17T13:31:45.829524,ECDSA,,secp384r1,3,5,0.004806,4.806,3256,True,ECDSA-secp384r1
2026-05-17T13:31:45.829627,ECDSA,,secp384r1,3,6,0.00471,4.71,3256,True,ECDSA-secp384r1
2026-05-17T13:31:45.829703,ECDSA,,secp384r1,3,7,0.004521,4.521,3256,True,ECDSA-secp384r1
2026-05-17T13:31:45.829777,ECDSA,,secp384r1,3,8,0.004253,4.253,3256,True,ECDSA-secp384r1
2026-05-17T13:31:45.829850,ECDSA,,secp384r1,3,9,0.004027,4.027,3256,True,ECDSA-secp384r1
2026-05-17T13:31:45.829923,ECDSA,,secp384r1,3,10,0.00399,3.99,3256,True,ECDSA-secp384r1
2026-05-17T13:31:45.829999,ECDSA,,secp384r1,3,11,0.003893,3.893,3256,True,ECDSA-secp384r1
2026-05-17T13:31:45.830072,ECDSA,,secp384r1,3,12,0.003827,3.827,3256,True,ECDSA-secp384r1
2026-05-17T13:31:45.830118,ECDSA,,secp384r1,3,13,0.003841,3.841,3256,True,ECDSA-secp384r1
2026-05-17T13:31:45.830159,ECDSA,,secp384r1,3,14,0.003714,3.714,3256,True,ECDSA-secp384r1
2026-05-17T13:31:45.830202,ECDSA,,secp384r1,3,15,0.003635,3.635,3256,True,ECDSA-secp384r1
2026-05-17T13:31:45.830242,ECDSA,,secp384r1,3,16,0.003735,3.735,3256,True,ECDSA-secp384r1
2026-05-17T13:31:45.830282,ECDSA,,secp384r1,3,17,0.003811,3.811,3256,True,ECDSA-secp384r1
2026-05-17T13:31:45.830319,ECDSA,,secp384r1,3,18,0.003647,3.647,3256,True,ECDSA-secp384r1
2026-05-17T13:31:45.830358,ECDSA,,secp384r1,3,19,0.003624,3.624,3256,True,ECDSA-secp384r1
2026-05-17T13:31:45.830398,ECDSA,,secp384r1,3,20,0.00369,3.69,3256,True,ECDSA-secp384r1
2026-05-17T13:31:45.830439,ECDSA,,secp384r1,3,21,0.003818,3.818,3256,True,ECDSA-secp384r1
2026-05-17T13:31:45.830478,ECDSA,,secp384r1,3,22,0.003646,3.646,3256,True,ECDSA-secp384r1
2026-05-17T13:31:45.830517,ECDSA,,secp384r1,3,23,0.003692,3.692,3256,True,ECDSA-secp384r1
2026-05-17T13:31:45.830555,ECDSA,,secp384r1,3,24,0.003619,3.619,3256,True,ECDSA-secp384r1
2026-05-17T13:31:45.830594,ECDSA,,secp384r1,3,25,0.003721,3.721,3256,True,ECDSA-secp384r1
2026-05-17T13:31:45.830632,ECDSA,,secp384r1,3,26,0.003711,3.711,3256,True,ECDSA-secp384r1
2026-05-17T13:31:45.830672,ECDSA,,secp384r1,3,27,0.003686,3.686,3256,True,ECDSA-secp384r1
2026-05-17T13:31:45.830716,ECDSA,,secp384r1,3,28,0.003645,3.645,3256,True,ECDSA-secp384r1
2026-05-17T13:31:45.830757,ECDSA,,secp384r1,3,29,0.003758,3.758,3256,True,ECDSA-secp384r1
2026-05-17T13:31:45.830843,ECDSA,,secp384r1,3,30,0.003694,3.694,3256,True,ECDSA-secp384r1
